{
    "Tr_00": [
        [
            0.0004276802385584,
            -0.9999672484946,
            -0.008084491683471,
            -0.01198459927713
        ],
        [
            -0.007210626507497,
            0.008081198471645,
            -0.9999413164504,
            -0.05403984729748
        ],
        [
            0.9999738645903,
            0.000485948581039,
            -0.007206933692422,
            -0.2921968648686
        ],
        [
            0,
            0,
            0,
            1.0
        ]
    ],
    "Tr_01": [
        [
            0.0004276802385584,
            -0.9999672484946,
            -0.008084491683471,
            -0.01198459927713
        ],
        [
            -0.007210626507497,
            0.008081198471645,
            -0.9999413164504,
            -0.05403984729748
        ],
        [
            0.9999738645903,
            0.000485948581039,
            -0.007206933692422,
            -0.2921968648686
        ],
        [
            0,
            0,
            0,
            1.0
        ]
    ],
    "Tr_02": [
        [
            0.0004276802385584,
            -0.9999672484946,
            -0.008084491683471,
            -0.01198459927713
        ],
        [
            -0.007210626507497,
            0.008081198471645,
            -0.9999413164504,
            -0.05403984729748
        ],
        [
            0.9999738645903,
            0.000485948581039,
            -0.007206933692422,
            -0.2921968648686
        ],
        [
            0,
            0,
            0,
            1.0
        ]
    ],
    "Tr_03": [
        [
            0.0002347736981471,
            -0.9999441545438,
            -0.01056347781105,
            -0.002796816941295
        ],
        [
            0.01044940741659,
            0.01056535364138,
            -0.9998895741176,
            -0.07510879138296
        ],
        [
            0.999945388562,
            0.0001243653783865,
            0.01045130299567,
            -0.2721327964059
        ],
        [
            0,
            0,
            0,
            1.0
        ]
    ],
    "Tr_04": [
        [
            -0.001857739385241,
            -0.999965951351,
            -0.008039975204516,
            -0.004784029760483
        ],
        [
            -0.006481465826011,
            0.008051860151134,
            -0.9999466081774,
            -0.07337429464231
        ],
        [
            0.9999773098287,
            -0.001805528627661,
            -0.006496203536139,
            -0.3339968064433
        ],
        [
            0,
            0,
            0,
            1.0
        ]
    ],
    "Tr_05": [
        [
            -0.001857739385241,
            -0.999965951351,
            -0.008039975204516,
            -0.004784029760483
        ],
        [
            -0.006481465826011,
            0.008051860151134,
            -0.9999466081774,
            -0.07337429464231
        ],
        [
            0.9999773098287,
            -0.001805528627661,
            -0.006496203536139,
            -0.3339968064433
        ],
        [
            0,
            0,
            0,
            1.0
        ]
    ],
    "Tr_06": [
        [
            -0.001857739385241,
            -0.999965951351,
            -0.008039975204516,
            -0.004784029760483
        ],
        [
            -0.006481465826011,
            0.008051860151134,
            -0.9999466081774,
            -0.07337429464231
        ],
        [
            0.9999773098287,
            -0.001805528627661,
            -0.006496203536139,
            -0.3339968064433
        ],
        [
            0,
            0,
            0,
            1.0
        ]
    ],
    "Tr_07": [
        [
            -0.001857739385241,
            -0.999965951351,
            -0.008039975204516,
            -0.004784029760483
        ],
        [
            -0.006481465826011,
            0.008051860151134,
            -0.9999466081774,
            -0.07337429464231
        ],
        [
            0.9999773098287,
            -0.001805528627661,
            -0.006496203536139,
            -0.3339968064433
        ],
        [
            0,
            0,
            0,
            1.0
        ]
    ],
    "Tr_08": [
        [
            -0.001857739385241,
            -0.999965951351,
            -0.008039975204516,
            -0.004784029760483
        ],
        [
            -0.006481465826011,
            0.008051860151134,
            -0.9999466081774,
            -0.07337429464231
        ],
        [
            0.9999773098287,
            -0.001805528627661,
            -0.006496203536139,
            -0.3339968064433
        ],
        [
            0,
            0,
            0,
            1.0
        ]
    ],
    "Tr_09": [
        [
            -0.001857739385241,
            -0.999965951351,
            -0.008039975204516,
            -0.004784029760483
        ],
        [
            -0.006481465826011,
            0.008051860151134,
            -0.9999466081774,
            -0.07337429464231
        ],
        [
            0.9999773098287,
            -0.001805528627661,
            -0.006496203536139,
            -0.3339968064433
        ],
        [
            0,
            0,
            0,
            1.0
        ]
    ],
    "Tr_10": [
        [
            -0.001857739385241,
            -0.999965951351,
            -0.008039975204516,
            -0.004784029760483
        ],
        [
            -0.006481465826011,
            0.008051860151134,
            -0.9999466081774,
            -0.07337429464231
        ],
        [
            0.9999773098287,
            -0.001805528627661,
            -0.006496203536139,
            -0.3339968064433
        ],
        [
            0,
            0,
            0,
            1.0
        ]
    ]
}